{
  "train_loss": [
    1.330026046772003,
    0.8619950291824341,
    0.6818563431167602,
    0.5763016261482239,
    0.5055069667625427,
    0.4481119479370117,
    0.4062947957611084,
    0.3739971618461609,
    0.33440260518074033,
    0.3128218694972992,
    0.2910318912315369,
    0.26479757818222044,
    0.2487341435623169,
    0.23226063206672667,
    0.21195760015487672,
    0.19983074635505677,
    0.18242997163772584,
    0.17497668000221253,
    0.1612466005420685,
    0.14884019350528718,
    0.1454752452468872,
    0.13087269474983215,
    0.128140008893013,
    0.11579236474514007,
    0.11119830716371536,
    0.10767331751346589,
    0.09951571756839753,
    0.09222999292135238,
    0.08682131329536438,
    0.08262583215713501,
    0.07908729455471039,
    0.07801785198450088,
    0.07358160309553147,
    0.07409712512254715,
    0.06800869079351425,
    0.06285707122564316,
    0.05741740557432175,
    0.0579182052809,
    0.05998906651735306,
    0.04998643245220184,
    0.054484601751565935,
    0.051303740721940994,
    0.04877069112420082,
    0.05045194006443024,
    0.04571459447145462,
    0.04561060039043426,
    0.043740123900771144,
    0.04175812411665916,
    0.04381165796995163,
    0.039347637465000154
  ],
  "train_acc": [
    0.51774,
    0.69536,
    0.76112,
    0.79862,
    0.82534,
    0.84484,
    0.85872,
    0.87074,
    0.88494,
    0.89106,
    0.89996,
    0.9082,
    0.91334,
    0.92044,
    0.92598,
    0.9292,
    0.93582,
    0.93906,
    0.9433,
    0.9476,
    0.94954,
    0.95358,
    0.95498,
    0.95914,
    0.95984,
    0.96196,
    0.96466,
    0.96758,
    0.9697,
    0.97072,
    0.972,
    0.9727,
    0.97384,
    0.97336,
    0.97572,
    0.97756,
    0.97996,
    0.97954,
    0.97944,
    0.98192,
    0.98088,
    0.98182,
    0.98302,
    0.98232,
    0.98384,
    0.98406,
    0.98412,
    0.98532,
    0.98458,
    0.98664
  ],
  "test_acc": [
    0.5576,
    0.705,
    0.7697,
    0.7968,
    0.7652,
    0.7963,
    0.8419,
    0.8462,
    0.8603,
    0.8686,
    0.8656,
    0.8768,
    0.8928,
    0.8854,
    0.8922,
    0.8907,
    0.8926,
    0.8976,
    0.8879,
    0.8968,
    0.905,
    0.9036,
    0.8958,
    0.9042,
    0.8908,
    0.9128,
    0.9079,
    0.9018,
    0.9134,
    0.8861,
    0.9123,
    0.9085,
    0.9085,
    0.9051,
    0.9117,
    0.9113,
    0.9089,
    0.9098,
    0.916,
    0.9121,
    0.9139,
    0.9169,
    0.9151,
    0.9162,
    0.9106,
    0.9165,
    0.9147,
    0.9185,
    0.9113,
    0.9192
  ]
}